,datetime,burst_id,orbit_pass_direction,site_id,site_lon,site_lat,site_x,site_y,vv,vh,vv/vh
0,2020-10-05 05:09:00,T022-045880-IW1,descending,261,17.0092996982423,17.0092996982423,642785.8948538761,5585442.198961841,"[0.26810741424560547, 0.3591812551021576, 0.0846293643116951, 0.35278093814849854, 0.1616448163986206, 0.15871582925319672, 0.17621412873268127, 0.1787034422159195, 0.14002148807048798]","[0.022225486114621162, 0.03297516331076622, 0.009731260128319263, 0.03039694018661976, 0.02506699413061142, 0.01296997256577015, 0.02542313188314438, 0.01570989191532135, 0.015522023662924767]","[12.063061714172363, 10.892477989196777, 8.696650505065918, 11.605804443359375, 6.448512077331543, 12.237174987792969, 6.9312520027160645, 11.37521743774414, 9.020827293395996]"
1,2020-10-11 05:09:43,T022-045880-IW1,descending,261,17.0092996982423,17.0092996982423,642785.8948538761,5585442.198961841,"[0.16491053998470306, 0.31573644280433655, 0.09718228131532669, 0.44497743248939514, 0.22779692709445953, 0.1356920748949051, 0.23191788792610168, 0.1275424361228943, 0.16300322115421295]","[0.009102148935198784, 0.036251094192266464, 0.015564498491585255, 0.018722794950008392, 0.0178072527050972, 0.009871764108538628, 0.01925833337008953, 0.016912097111344337, 0.007149481680244207]","[18.117759704589844, 8.709708213806152, 6.243842601776123, 23.766613006591797, 12.792367935180664, 13.745473861694336, 12.042469024658203, 7.541491508483887, 22.799306869506836]"
2,2020-10-17 05:09:01,T022-045880-IW1,descending,261,17.0092996982423,17.0092996982423,642785.8948538761,5585442.198961841,"[0.23481385409832, 0.4585799276828766, 0.22835712134838104, 0.25921258330345154, 0.30045294761657715, 0.293374627828598, 0.3054223358631134, 0.36120709776878357, 0.24082674086093903]","[0.027941256761550903, 0.03983953595161438, 0.01459843572229147, 0.03600408509373665, 0.03307172656059265, 0.021481527015566826, 0.03816590458154678, 0.021893054246902466, 0.020286565646529198]","[8.403840065002441, 11.510674476623535, 15.642574310302734, 7.199532508850098, 9.084888458251953, 13.657065391540527, 8.00249195098877, 16.498706817626953, 11.87124252319336]"
3,2020-10-23 05:09:42,T022-045880-IW1,descending,261,17.0092996982423,17.0092996982423,642785.8948538761,5585442.198961841,"[0.21881715953350067, 0.310857355594635, 0.11940810829401016, 0.24074019491672516, 0.13151580095291138, 0.14541654288768768, 0.12998346984386444, 0.20594723522663116, 0.21711376309394836]","[0.010311782360076904, 0.014985054731369019, 0.010339278727769852, 0.00640299404039979, 0.028424618765711784, 0.010217921808362007, 0.005674048792570829, 0.013323871418833733, 0.0108231445774436]","[21.220109939575195, 20.744491577148438, 11.548978805541992, 37.59806823730469, 4.626827239990234, 14.231518745422363, 22.908416748046875, 15.457011222839355, 20.060136795043945]"
4,2020-10-29 05:09:01,T022-045880-IW1,descending,261,17.0092996982423,17.0092996982423,642785.8948538761,5585442.198961841,"[0.2290119081735611, 0.43808823823928833, 0.1935226172208786, 0.24760961532592773, 0.17022037506103516, 0.1789008229970932, 0.17371882498264313, 0.2328917384147644, 0.18369802832603455]","[0.006939604412764311, 0.01489788293838501, 0.010362694039940834, 0.01359465904533863, 0.017127331346273422, 0.011116493493318558, 0.01522034127265215, 0.01024075597524643, 0.01728646270930767]","[33.00071334838867, 29.40607261657715, 18.6749324798584, 18.213741302490234, 9.938523292541504, 16.093278884887695, 11.413596153259277, 22.741655349731445, 10.62669849395752]"
5,2020-11-04 05:09:42,T022-045880-IW1,descending,261,17.0092996982423,17.0092996982423,642785.8948538761,5585442.198961841,"[0.20292869210243225, 0.38299673795700073, 0.2000052034854889, 0.23565050959587097, 0.17931875586509705, 0.2818394899368286, 0.2204144299030304, 0.31051385402679443, 0.2811053991317749]","[0.023493662476539612, 0.035051777958869934, 0.011593707837164402, 0.03272957354784012, 0.06190022826194763, 0.02728992886841297, 0.03609449043869972, 0.023478124290704727, 0.044460028409957886]","[8.637593269348145, 10.926599502563477, 17.251184463500977, 7.199925899505615, 2.896899700164795, 10.327600479125977, 6.106595039367676, 13.225666999816895, 6.322654724121094]"
6,2020-11-10 05:09:00,T022-045880-IW1,descending,261,17.0092996982423,17.0092996982423,642785.8948538761,5585442.198961841,"[0.1315259337425232, 0.29766812920570374, 0.16394034028053284, 0.1765478253364563, 0.1698475182056427, 0.17858213186264038, 0.2609928250312805, 0.28191903233528137, 0.16528286039829254]","[0.018120476976037025, 0.03309324011206627, 0.025097863748669624, 0.026571059599518776, 0.032262228429317474, 0.021281955763697624, 0.02998458407819271, 0.029610684141516685, 0.025724731385707855]","[7.2584147453308105, 8.994832038879395, 6.53204345703125, 6.644365310668945, 5.264593601226807, 8.39124584197998, 8.704233169555664, 9.520854949951172, 6.4250569343566895]"
7,2020-11-16 05:09:42,T022-045880-IW1,descending,261,17.0092996982423,17.0092996982423,642785.8948538761,5585442.198961841,"[0.11487976461648941, 0.2813264727592468, 0.12742045521736145, 0.17991425096988678, 0.12823303043842316, 0.1824187934398651, 0.1652737557888031, 0.2526533901691437, 0.19254116714000702]","[0.01260043028742075, 0.016895906999707222, 0.016685103997588158, 0.016115302219986916, 0.01881336234509945, 0.015893131494522095, 0.014276143163442612, 0.017566511407494545, 0.010988269001245499]","[9.117130279541016, 16.650569915771484, 7.636779308319092, 11.16418743133545, 6.816061496734619, 11.477838516235352, 11.576919555664062, 14.382673263549805, 17.522428512573242]"
8,2020-11-22 05:08:47,T022-045880-IW1,descending,261,17.0092996982423,17.0092996982423,642785.8948538761,5585442.198961841,"[0.10699523985385895, 0.18004806339740753, 0.08472336083650589, 0.11122510582208633, 0.12813866138458252, 0.11588326841592789, 0.088551364839077, 0.10677629709243774, 0.1005362793803215]","[0.007527200039476156, 0.020987926051020622, 0.0173677746206522, 0.011401258409023285, 0.03374030068516731, 0.02195621468126774, 0.01908891834318638, 0.013899723999202251, 0.010313997976481915]","[14.21448040008545, 8.578649520874023, 4.878193378448486, 9.755511283874512, 3.797792434692383, 5.277925491333008, 4.638888359069824, 7.681900501251221, 9.747556686401367]"
9,2020-11-28 05:09:42,T022-045880-IW1,descending,261,17.0092996982423,17.0092996982423,642785.8948538761,5585442.198961841,"[0.18023373186588287, 0.11513456702232361, 0.07583652436733246, 0.12940484285354614, 0.05849851667881012, 0.09575983136892319, 0.1403653770685196, 0.17896665632724762, 0.1417953073978424]","[0.023124558851122856, 0.025189219042658806, 0.03451920300722122, 0.012012515217065811, 0.03675226867198944, 0.009319748729467392, 0.014169599860906601, 0.016703303903341293, 0.012217006646096706]","[7.794039726257324, 4.57078742980957, 2.196937322616577, 10.772501945495605, 1.591698169708252, 10.27493667602539, 9.90609359741211, 10.714446067810059, 11.6063871383667]"
10,2020-12-04 05:08:47,T022-045880-IW1,descending,261,17.0092996982423,17.0092996982423,642785.8948538761,5585442.198961841,"[0.1238626092672348, 0.2234639823436737, 0.23060767352581024, 0.13333000242710114, 0.1000363826751709, 0.2587089240550995, 0.18570636212825775, 0.23843613266944885, 0.18335355818271637]","[0.016475461423397064, 0.039007704704999924, 0.04534488171339035, 0.01933387853205204, 0.039531826972961426, 0.0449044331908226, 0.01583891734480858, 0.03146672621369362, 0.01636415347456932]","[7.51800537109375, 5.7287139892578125, 5.085638523101807, 6.896184921264648, 2.5305275917053223, 5.761322498321533, 11.724687576293945, 7.577404975891113, 11.204586029052734]"
11,2020-12-10 05:09:41,T022-045880-IW1,descending,261,17.0092996982423,17.0092996982423,642785.8948538761,5585442.198961841,"[0.13145893812179565, 0.16151723265647888, 0.09812883287668228, 0.12265101075172424, 0.080851249396801, 0.1136985719203949, 0.11454686522483826, 0.11302890628576279, 0.11473272740840912]","[0.007124694995582104, 0.02288055047392845, 0.014074866659939289, 0.01109954435378313, 0.024049988016486168, 0.011311711743474007, 0.01608939841389656, 0.015359291806817055, 0.013158276677131653]","[18.451168060302734, 7.059149742126465, 6.971919059753418, 11.050094604492188, 3.361799955368042, 10.051403045654297, 7.1194000244140625, 7.358992099761963, 8.719433784484863]"
12,2020-12-16 05:08:46,T022-045880-IW1,descending,261,17.0092996982423,17.0092996982423,642785.8948538761,5585442.198961841,"[0.11676006764173508, 0.1946624219417572, 0.07851850241422653, 0.11806235462427139, 0.12737901508808136, 0.12649907171726227, 0.11153290420770645, 0.20563139021396637, 0.1446073204278946]","[0.007572452537715435, 0.028684521093964577, 0.009892134927213192, 0.007330249063670635, 0.029173800721764565, 0.008232621476054192, 0.0073134503327310085, 0.025821469724178314, 0.02551911398768425]","[15.419055938720703, 6.786323070526123, 7.937467575073242, 16.106185913085938, 4.366212368011475, 15.365588188171387, 15.250381469726562, 7.9635820388793945, 5.666627883911133]"
13,2020-12-22 05:09:41,T022-045880-IW1,descending,261,17.0092996982423,17.0092996982423,642785.8948538761,5585442.198961841,"[0.11678304523229599, 0.09746425598859787, 0.038141559809446335, 0.09865912050008774, 0.0859995186328888, 0.09089623391628265, 0.11640217155218124, 0.11409731209278107, 0.07231683284044266]","[0.008990633301436901, 0.012658870778977871, 0.018380561843514442, 0.018216166645288467, 0.038124147802591324, 0.02054561674594879, 0.02443181537091732, 0.023536423221230507, 0.009662425145506859]","[12.989412307739258, 7.69928503036499, 2.0751030445098877, 5.416019916534424, 2.2557754516601562, 4.4241180419921875, 4.764368534088135, 4.847691059112549, 7.484335422515869]"
14,2020-12-28 05:08:46,T022-045880-IW1,descending,261,17.0092996982423,17.0092996982423,642785.8948538761,5585442.198961841,"[0.08927749842405319, 0.1117355227470398, 0.06565789878368378, 0.09493310004472733, 0.09598842263221741, 0.17699138820171356, 0.12427958846092224, 0.15806588530540466, 0.1160193532705307]","[0.012235825881361961, 0.022501258179545403, 0.008530637249350548, 0.01305108517408371, 0.01626903936266899, 0.022432656958699226, 0.007768596988171339, 0.022421831265091896, 0.012575559318065643]","[7.296401500701904, 4.965745449066162, 7.696716785430908, 7.273962020874023, 5.90006685256958, 7.889898777008057, 15.997687339782715, 7.049642086029053, 9.225780487060547]"
15,2021-01-03 05:09:40,T022-045880-IW1,descending,261,17.0092996982423,17.0092996982423,642785.8948538761,5585442.198961841,"[0.07863951474428177, 0.053665149956941605, 0.07710384577512741, 0.08631181716918945, 0.11082620918750763, 0.0737985298037529, 0.09081439673900604, 0.1049581840634346, 0.056108854711055756]","[0.011586502194404602, 0.02054428681731224, 0.005484527442604303, 0.015596602112054825, 0.010041135363280773, 0.019494399428367615, 0.008276697248220444, 0.01005576178431511, 0.007696607615798712]","[6.787166118621826, 2.612169027328491, 14.058429718017578, 5.5340142250061035, 11.037219047546387, 3.7856273651123047, 10.972298622131348, 10.437616348266602, 7.29007625579834]"
16,2021-01-09 05:08:45,T022-045880-IW1,descending,261,17.0092996982423,17.0092996982423,642785.8948538761,5585442.198961841,"[0.17966392636299133, 0.17751474678516388, 0.14050036668777466, 0.11343948543071747, 0.15951283276081085, 0.17022347450256348, 0.12141451239585876, 0.17681315541267395, 0.16062255203723907]","[0.011018973775207996, 0.014371907338500023, 0.016429882496595383, 0.011431705206632614, 0.028893643990159035, 0.01583760231733322, 0.023236572742462158, 0.02852596715092659, 0.013505492359399796]","[16.304960250854492, 12.351509094238281, 8.551513671875, 9.923233985900879, 5.520689487457275, 10.748058319091797, 5.225147247314453, 6.198322772979736, 11.893128395080566]"
17,2021-01-15 05:09:40,T022-045880-IW1,descending,261,17.0092996982423,17.0092996982423,642785.8948538761,5585442.198961841,"[0.1262313276529312, 0.10941337794065475, 0.08245426416397095, 0.11145235598087311, 0.04835377633571625, 0.10987025499343872, 0.08123818784952164, 0.11747539043426514, 0.08766458183526993]","[0.013844930566847324, 0.012839118018746376, 0.02113375812768936, 0.02557900920510292, 0.03035682626068592, 0.02105000428855419, 0.021121522411704063, 0.019567832350730896, 0.013262092135846615]","[9.117512702941895, 8.521876335144043, 3.901542901992798, 4.357180118560791, 1.5928468704223633, 5.219488620758057, 3.8462278842926025, 6.003495216369629, 6.610162258148193]"
18,2021-01-21 05:08:45,T022-045880-IW1,descending,261,17.0092996982423,17.0092996982423,642785.8948538761,5585442.198961841,"[0.25591206550598145, 0.23488053679466248, 0.15640543401241302, 0.1143936812877655, 0.13528355956077576, 0.20338314771652222, 0.20839688181877136, 0.14187391102313995, 0.18456688523292542]","[0.024748099967837334, 0.03831182420253754, 0.027698315680027008, 0.014780117198824883, 0.01849149353802204, 0.021717634052038193, 0.020269423723220825, 0.020792266353964806, 0.014579975977540016]","[10.340675354003906, 6.130758285522461, 5.646749019622803, 7.7397003173828125, 7.315989017486572, 9.364885330200195, 10.281342506408691, 6.823398113250732, 12.658928871154785]"
19,2021-01-27 05:09:39,T022-045880-IW1,descending,261,17.0092996982423,17.0092996982423,642785.8948538761,5585442.198961841,"[0.10897425562143326, 0.061057593673467636, 0.04432575777173042, 0.10753955692052841, 0.06970218569040298, 0.07521036267280579, 0.12301759421825409, 0.10759136825799942, 0.0748881921172142]","[0.00806368701159954, 0.007327715866267681, 0.007038038689643145, 0.008179017342627048, 0.00978515762835741, 0.0041090925224125385, 0.009010063484311104, 0.01342545822262764, 0.0061153387650847435]","[13.51419734954834, 8.332418441772461, 6.298027038574219, 13.148224830627441, 7.123256206512451, 18.30340003967285, 13.65335464477539, 8.013980865478516, 12.245959281921387]"
20,2021-02-02 05:08:44,T022-045880-IW1,descending,261,17.0092996982423,17.0092996982423,642785.8948538761,5585442.198961841,"[0.09026217460632324, 0.05834240838885307, 0.045266035944223404, 0.08377330005168915, 0.16063180565834045, 0.08592480421066284, 0.05923411622643471, 0.11842521280050278, 0.0580587200820446]","[0.009794783778488636, 0.008275358937680721, 0.00691240793094039, 0.01234583742916584, 0.013741844333708286, 0.006639235652983189, 0.007433936931192875, 0.006168436724692583, 0.005303987301886082]","[9.215331077575684, 7.050136089324951, 6.548519134521484, 6.785550117492676, 11.68924617767334, 12.941972732543945, 7.9680681228637695, 19.198577880859375, 10.946240425109863]"
21,2021-02-08 05:09:39,T022-045880-IW1,descending,261,17.0092996982423,17.0092996982423,642785.8948538761,5585442.198961841,"[0.07986724376678467, 0.12816157937049866, 0.16873398423194885, 0.11207187920808792, 0.2325166016817093, 0.15258774161338806, 0.0881367102265358, 0.1005680188536644, 0.14695687592029572]","[0.007998044602572918, 0.010456060990691185, 0.012384510599076748, 0.007073940243571997, 0.023424863815307617, 0.025706090033054352, 0.009838463738560677, 0.02235940657556057, 0.011299347504973412]","[9.985846519470215, 12.257156372070312, 13.624598503112793, 15.842921257019043, 9.92605972290039, 5.935859680175781, 8.958381652832031, 4.4977946281433105, 13.005784034729004]"
22,2021-02-14 05:08:44,T022-045880-IW1,descending,261,17.0092996982423,17.0092996982423,642785.8948538761,5585442.198961841,"[0.1383647322654724, 0.11349266767501831, 0.07203833758831024, 0.1008639931678772, 0.14461266994476318, 0.10600225627422333, 0.09844723343849182, 0.10299202054738998, 0.08159250020980835]","[0.014721904881298542, 0.024098951369524002, 0.008657997474074364, 0.004560241475701332, 0.010414628311991692, 0.014059058390557766, 0.01232662983238697, 0.015560002997517586, 0.010683871805667877]","[9.398561477661133, 4.709444046020508, 8.320438385009766, 22.118125915527344, 13.885533332824707, 7.539783477783203, 7.986548900604248, 6.619023323059082, 7.636978626251221]"
23,2021-02-20 05:09:39,T022-045880-IW1,descending,261,17.0092996982423,17.0092996982423,642785.8948538761,5585442.198961841,"[0.09601491689682007, 0.07833746075630188, 0.06333655118942261, 0.08979702740907669, 0.11746809631586075, 0.08241584897041321, 0.08984187990427017, 0.0971289575099945, 0.104149729013443]","[0.004553534090518951, 0.009058083407580853, 0.007191417273133993, 0.008650833740830421, 0.003667623270303011, 0.006287503521889448, 0.0037210779264569283, 0.01042784471064806, 0.0043864985927939415]","[21.08580207824707, 8.648348808288574, 8.807241439819336, 10.380158424377441, 32.02839660644531, 13.107881546020508, 24.144046783447266, 9.314384460449219, 23.743249893188477]"
24,2021-02-26 05:08:44,T022-045880-IW1,descending,261,17.0092996982423,17.0092996982423,642785.8948538761,5585442.198961841,"[0.13992251455783844, 0.053547684103250504, 0.1515430212020874, 0.0771602913737297, 0.1679636538028717, 0.10662464797496796, 0.12360180169343948, 0.16392023861408234, 0.14480918645858765]","[0.009358960203826427, 0.021313846111297607, 0.02167821303009987, 0.021109923720359802, 0.01197090744972229, 0.017566347494721413, 0.02350849099457264, 0.022434502840042114, 0.01362969633191824]","[14.950647354125977, 2.512342691421509, 6.990568161010742, 3.6551668643951416, 14.030987739562988, 6.069824695587158, 5.25775146484375, 7.306613445281982, 10.624534606933594]"
25,2021-03-04 05:09:38,T022-045880-IW1,descending,261,17.0092996982423,17.0092996982423,642785.8948538761,5585442.198961841,"[0.12499696761369705, 0.05806726589798927, 0.1709975153207779, 0.09251884371042252, 0.093935526907444, 0.09911780804395676, 0.11799094080924988, 0.13051168620586395, 0.11658007651567459]","[0.01925640180706978, 0.016233116388320923, 0.02405669167637825, 0.014730297029018402, 0.016548072919249535, 0.011658450588583946, 0.019777784124016762, 0.017723899334669113, 0.012142645195126534]","[6.491190433502197, 3.5770866870880127, 7.1081061363220215, 6.280853748321533, 5.676523685455322, 8.501799583435059, 5.965832233428955, 7.363598823547363, 9.600879669189453]"
26,2021-03-10 05:08:44,T022-045880-IW1,descending,261,17.0092996982423,17.0092996982423,642785.8948538761,5585442.198961841,"[0.05951268970966339, 0.062181923538446426, 0.07430892437696457, 0.057644374668598175, 0.06241859868168831, 0.055177927017211914, 0.07065363228321075, 0.08276774734258652, 0.06614679843187332]","[0.008649301715195179, 0.01079788152128458, 0.0032887079287320375, 0.006324887275695801, 0.002953724702820182, 0.007753377314656973, 0.00769396498799324, 0.0051546418108046055, 0.006641600746661425]","[6.8806352615356445, 5.7587151527404785, 22.595172882080078, 9.113897323608398, 21.132165908813477, 7.116631031036377, 9.18299388885498, 16.056934356689453, 9.959465980529785]"
27,2021-03-16 05:09:38,T022-045880-IW1,descending,261,17.0092996982423,17.0092996982423,642785.8948538761,5585442.198961841,"[0.11892474442720413, 0.1444123536348343, 0.12469785660505295, 0.08251646906137466, 0.08267764002084732, 0.08613935858011246, 0.06591096520423889, 0.10284657031297684, 0.05411893129348755]","[0.01976953074336052, 0.02258174680173397, 0.031259194016456604, 0.008818392641842365, 0.021214544773101807, 0.024459214881062508, 0.019259843975305557, 0.01809796690940857, 0.011877867393195629]","[6.015557289123535, 6.395092010498047, 3.9891576766967773, 9.357314109802246, 3.897214889526367, 3.521754741668701, 3.42219614982605, 5.682769298553467, 4.556283473968506]"
28,2021-03-22 05:08:44,T022-045880-IW1,descending,261,17.0092996982423,17.0092996982423,642785.8948538761,5585442.198961841,"[0.11144009977579117, 0.1129881739616394, 0.06074823439121246, 0.1208801195025444, 0.08004739880561829, 0.04706878215074539, 0.08827024698257446, 0.11088433861732483, 0.0808698832988739]","[0.021062973886728287, 0.01675552688539028, 0.007858590222895145, 0.020688332617282867, 0.010765417478978634, 0.007948331534862518, 0.006261683534830809, 0.01381623838096857, 0.006805130746215582]","[5.290805816650391, 6.743337631225586, 7.730169296264648, 5.842912673950195, 7.435605525970459, 5.921844482421875, 14.096887588500977, 8.025652885437012, 11.883663177490234]"
29,2021-03-28 05:09:39,T022-045880-IW1,descending,261,17.0092996982423,17.0092996982423,642785.8948538761,5585442.198961841,"[0.13799741864204407, 0.09223444759845734, 0.06880871206521988, 0.043600670993328094, 0.08405182510614395, 0.07316111773252487, 0.03510574996471405, 0.10304562747478485, 0.08085711300373077]","[0.021760152652859688, 0.005176079459488392, 0.01045431848615408, 0.01346983015537262, 0.02196325920522213, 0.010935737751424313, 0.02986995503306389, 0.01420784555375576, 0.015493480488657951]","[6.3417487144470215, 17.819364547729492, 6.581845760345459, 3.2369132041931152, 3.8269286155700684, 6.690094470977783, 1.1752862930297852, 7.252727031707764, 5.218782901763916]"
30,2021-04-03 05:08:44,T022-045880-IW1,descending,261,17.0092996982423,17.0092996982423,642785.8948538761,5585442.198961841,"[0.10085907578468323, 0.11544652283191681, 0.09846030175685883, 0.08567934483289719, 0.1271243691444397, 0.07058224081993103, 0.11990287899971008, 0.06920015811920166, 0.10256992280483246]","[0.018841519951820374, 0.013232900761067867, 0.018196329474449158, 0.019489720463752747, 0.035640913993120193, 0.007929377257823944, 0.04261055588722229, 0.03346440941095352, 0.03136854246258736]","[5.35302209854126, 8.724204063415527, 5.4109978675842285, 4.396130084991455, 3.566810131072998, 8.901359558105469, 2.8139243125915527, 2.067873239517212, 3.26983380317688]"
31,2021-04-09 05:09:39,T022-045880-IW1,descending,261,17.0092996982423,17.0092996982423,642785.8948538761,5585442.198961841,"[0.07478448748588562, 0.06367094069719315, 0.08162812888622284, 0.07124285399913788, 0.06564688682556152, 0.05508628487586975, 0.03948293253779411, 0.04060209169983864, 0.06859494745731354]","[0.011715494096279144, 0.01412145048379898, 0.007913481444120407, 0.01756712980568409, 0.017239797860383987, 0.005878983996808529, 0.031592633575201035, 0.016248095780611038, 0.004932577256113291]","[6.383383274078369, 4.508810043334961, 10.315072059631348, 4.0554633140563965, 3.807868719100952, 9.370035171508789, 1.2497512102127075, 2.498883008956909, 13.906512260437012]"
32,2021-04-15 05:08:45,T022-045880-IW1,descending,261,17.0092996982423,17.0092996982423,642785.8948538761,5585442.198961841,"[0.1611085683107376, 0.12188676744699478, 0.08473896980285645, 0.12113165110349655, 0.10022804141044617, 0.11398481577634811, 0.10273323953151703, 0.13947731256484985, 0.11023777723312378]","[0.019424503669142723, 0.017390232533216476, 0.031018218025565147, 0.02541210502386093, 0.03535830229520798, 0.04984825477004051, 0.047188326716423035, 0.023549864068627357, 0.016627943143248558]","[8.294089317321777, 7.008921146392822, 2.73190975189209, 4.766690731048584, 2.834639549255371, 2.2866361141204834, 2.1770901679992676, 5.922637462615967, 6.629670143127441]"
33,2021-04-21 05:09:40,T022-045880-IW1,descending,261,17.0092996982423,17.0092996982423,642785.8948538761,5585442.198961841,"[0.07014219462871552, 0.08162248134613037, 0.10953273624181747, 0.07388552278280258, 0.07596549391746521, 0.10323135554790497, 0.093739815056324, 0.06388607621192932, 0.06561516970396042]","[0.03684890270233154, 0.025694262236356735, 0.018545811995863914, 0.024309923872351646, 0.023253483697772026, 0.014836512506008148, 0.022611359134316444, 0.040455304086208344, 0.006795530207455158]","[1.9035084247589111, 3.1766812801361084, 5.906063079833984, 3.0393152236938477, 3.266843557357788, 6.957925796508789, 4.145695686340332, 1.5791767835617065, 9.65563678741455]"
34,2021-04-27 05:08:45,T022-045880-IW1,descending,261,17.0092996982423,17.0092996982423,642785.8948538761,5585442.198961841,"[0.06454961746931076, 0.0363350473344326, 0.03649550676345825, 0.06027068570256233, 0.03818327561020851, 0.03802083805203438, 0.044114403426647186, 0.02390989661216736, 0.06501689553260803]","[0.013713427819311619, 0.010512583889067173, 0.015860814601182938, 0.01295127160847187, 0.017277145758271217, 0.013839148916304111, 0.00899562332779169, 0.025899425148963928, 0.010480143129825592]","[4.707037448883057, 3.456338405609131, 2.30098557472229, 4.653649806976318, 2.210045337677002, 2.7473392486572266, 4.903985023498535, 0.9231825470924377, 6.203817367553711]"
35,2021-05-03 05:09:40,T022-045880-IW1,descending,261,17.0092996982423,17.0092996982423,642785.8948538761,5585442.198961841,"[0.04398912191390991, 0.06920837610960007, 0.05856148153543472, 0.034587908536195755, 0.053609419614076614, 0.058257024735212326, 0.05248846486210823, 0.030448660254478455, 0.08931921422481537]","[0.013469500467181206, 0.022436397150158882, 0.03306468948721886, 0.02122805267572403, 0.02079119347035885, 0.01895047165453434, 0.011616307310760021, 0.01877691224217415, 0.016566339880228043]","[3.265831708908081, 3.0846474170684814, 1.771118402481079, 1.6293491125106812, 2.578467607498169, 3.0741727352142334, 4.518515586853027, 1.6216009855270386, 5.391608238220215]"
36,2021-05-09 05:08:46,T022-045880-IW1,descending,261,17.0092996982423,17.0092996982423,642785.8948538761,5585442.198961841,"[0.024938320741057396, 0.0419873408973217, 0.02834930457174778, 0.009499287232756615, 0.03814767301082611, 0.028345702216029167, 0.01457153633236885, 0.03699297457933426, 0.03831206262111664]","[0.014864839613437653, 0.013715662993490696, 0.010066468268632889, 0.01226230151951313, 0.011982949450612068, 0.013207796961069107, 0.010218378156423569, 0.010314165614545345, 0.015105201862752438]","[1.6776716709136963, 3.061269521713257, 2.816211700439453, 0.7746740579605103, 3.1834959983825684, 2.1461338996887207, 1.426012635231018, 3.586618185043335, 2.536348819732666]"
37,2021-05-15 05:09:41,T022-045880-IW1,descending,261,17.0092996982423,17.0092996982423,642785.8948538761,5585442.198961841,"[0.026773691177368164, 0.03302890807390213, 0.02201119251549244, 0.025769123807549477, 0.022251764312386513, 0.012700197286903858, 0.02096470445394516, 0.029119079932570457, 0.01810504123568535]","[0.007141581270843744, 0.011651513166725636, 0.012423797510564327, 0.004218524321913719, 0.022576112300157547, 0.017002388834953308, 0.010044731199741364, 0.019044501706957817, 0.009113074280321598]","[3.7489864826202393, 2.834731101989746, 1.7716959714889526, 6.108563423156738, 0.985633134841919, 0.7469654679298401, 2.08713436126709, 1.5290019512176514, 1.986710548400879]"
38,2021-05-21 05:08:59,T022-045880-IW1,descending,261,17.0092996982423,17.0092996982423,642785.8948538761,5585442.198961841,"[0.030852802097797394, 0.02657000534236431, 0.04661216959357262, 0.027247842401266098, 0.03192802891135216, 0.0474664606153965, 0.024059854447841644, 0.03380121290683746, 0.03186136856675148]","[0.011584289371967316, 0.01505286805331707, 0.011939716525375843, 0.020197639241814613, 0.010117616504430771, 0.02006201073527336, 0.01950751058757305, 0.00567542714998126, 0.011354436166584492]","[2.6633315086364746, 1.7651125192642212, 3.9039595127105713, 1.3490607738494873, 3.155686855316162, 2.3659873008728027, 1.2333636283874512, 5.955712795257568, 2.806072235107422]"
39,2021-05-27 05:09:42,T022-045880-IW1,descending,261,17.0092996982423,17.0092996982423,642785.8948538761,5585442.198961841,"[0.020361149683594704, 0.022574739530682564, 0.023348964750766754, 0.023584147915244102, 0.020247863605618477, 0.03110305592417717, 0.018725955858826637, 0.01955243945121765, 0.04713951796293259]","[0.012845344841480255, 0.009957973845303059, 0.01720871776342392, 0.009081389755010605, 0.00585442129522562, 0.014938696287572384, 0.012938215397298336, 0.014301659539341927, 0.01459687389433384]","[1.585099458694458, 2.2670013904571533, 1.356810212135315, 2.596975564956665, 3.458559274673462, 2.0820462703704834, 1.4473367929458618, 1.3671448230743408, 3.2294256687164307]"
40,2021-06-02 05:09:00,T022-045880-IW1,descending,261,17.0092996982423,17.0092996982423,642785.8948538761,5585442.198961841,"[0.02015894651412964, 0.016649140045046806, 0.02167903445661068, 0.027092918753623962, 0.01894875057041645, 0.01952345483005047, 0.023014530539512634, 0.027090519666671753, 0.01965586096048355]","[0.009272629395127296, 0.011775420978665352, 0.010853644460439682, 0.01917899213731289, 0.007174252066761255, 0.005821824073791504, 0.009878112003207207, 0.0054062725976109505, 0.0045870281755924225]","[2.1740269660949707, 1.4138891696929932, 1.9973968267440796, 1.4126352071762085, 2.641216278076172, 3.35349440574646, 2.3298511505126953, 5.010942459106445, 4.285097122192383]"
41,2021-06-08 05:09:42,T022-045880-IW1,descending,261,17.0092996982423,17.0092996982423,642785.8948538761,5585442.198961841,"[0.023497682064771652, 0.042672477662563324, 0.03276508301496506, 0.03650854527950287, 0.023568367585539818, 0.03182034566998482, 0.018161801621317863, 0.027221519500017166, 0.03835175186395645]","[0.008588943630456924, 0.00797372404485941, 0.004934168886393309, 0.011447896249592304, 0.005839828867465258, 0.003136315383017063, 0.005823337007313967, 0.007455735467374325, 0.004238174296915531]","[2.7358057498931885, 5.351637363433838, 6.640446186065674, 3.189105272293091, 4.035797595977783, 10.145773887634277, 3.1187963485717773, 3.6510844230651855, 9.049120903015137]"
42,2021-06-14 05:09:01,T022-045880-IW1,descending,261,17.0092996982423,17.0092996982423,642785.8948538761,5585442.198961841,"[0.030402209609746933, 0.03727713227272034, 0.0585150383412838, 0.07171089202165604, 0.04897650331258774, 0.07103342562913895, 0.0498088076710701, 0.06245142221450806, 0.03995610773563385]","[0.007155000232160091, 0.003106079762801528, 0.010522189550101757, 0.012574085034430027, 0.018482930958271027, 0.018486984074115753, 0.01021324098110199, 0.009246638044714928, 0.02469223365187645]","[4.249085903167725, 12.001343727111816, 5.561108589172363, 5.703070163726807, 2.6498234272003174, 3.8423478603363037, 4.876885414123535, 6.753959655761719, 1.6181650161743164]"
43,2021-06-20 05:09:43,T022-045880-IW1,descending,261,17.0092996982423,17.0092996982423,642785.8948538761,5585442.198961841,"[0.0420512855052948, 0.0852779895067215, 0.06053977459669113, 0.039110541343688965, 0.10817700624465942, 0.06613128632307053, 0.06836365908384323, 0.036132898181676865, 0.043133482336997986]","[0.014724277891218662, 0.010689708404242992, 0.01049439050257206, 0.010641254484653473, 0.008173001930117607, 0.008290957659482956, 0.02006455510854721, 0.011596739292144775, 0.0072571150958538055]","[2.855915069580078, 7.977578639984131, 5.768774509429932, 3.6753695011138916, 13.235896110534668, 7.976314544677734, 3.4071853160858154, 3.115780830383301, 5.943613052368164]"
44,2021-06-26 05:09:01,T022-045880-IW1,descending,261,17.0092996982423,17.0092996982423,642785.8948538761,5585442.198961841,"[0.12067808210849762, 0.11448634415864944, 0.06182960420846939, 0.11559401452541351, 0.055568430572748184, 0.08583994954824448, 0.12715865671634674, 0.041784945875406265, 0.1037038117647171]","[0.020699694752693176, 0.024292025715112686, 0.024024179205298424, 0.038995955139398575, 0.013232813216745853, 0.02242368459701538, 0.0173201821744442, 0.01821996457874775, 0.026838937774300575]","[5.829945087432861, 4.712918758392334, 2.5736405849456787, 2.964256525039673, 4.199290752410889, 3.8280930519104004, 7.341646671295166, 2.293360471725464, 3.86393141746521]"
45,2021-07-02 05:09:44,T022-045880-IW1,descending,261,17.0092996982423,17.0092996982423,642785.8948538761,5585442.198961841,"[0.065980926156044, 0.024483229964971542, 0.04023703560233116, 0.06448834389448166, 0.0510709211230278, 0.09345164895057678, 0.0728391632437706, 0.07178650051355362, 0.07224242389202118]","[0.0164466742426157, 0.017325954511761665, 0.028267335146665573, 0.016430864110589027, 0.02606034092605114, 0.014874578453600407, 0.011477518826723099, 0.014446730725467205, 0.010679990984499454]","[4.011809825897217, 1.4130955934524536, 1.4234464168548584, 3.9248297214508057, 1.959718108177185, 6.282641887664795, 6.346246242523193, 4.969048023223877, 6.764277458190918]"
46,2021-07-08 05:09:02,T022-045880-IW1,descending,261,17.0092996982423,17.0092996982423,642785.8948538761,5585442.198961841,"[0.03711453452706337, 0.0539066419005394, 0.09958512336015701, 0.06628603488206863, 0.05675074830651283, 0.04960787296295166, 0.0641922652721405, 0.0892486646771431, 0.054506827145814896]","[0.01323226373642683, 0.02801893651485443, 0.04407282918691635, 0.012503390200436115, 0.020177597180008888, 0.02742471545934677, 0.038081876933574677, 0.013193808495998383, 0.040958087891340256]","[2.804851531982422, 1.9239360094070435, 2.2595582008361816, 5.301445007324219, 2.8125622272491455, 1.8088746070861816, 1.685638189315796, 6.764435291290283, 1.330795168876648]"
47,2021-07-14 05:09:44,T022-045880-IW1,descending,261,17.0092996982423,17.0092996982423,642785.8948538761,5585442.198961841,"[0.06731192022562027, 0.0547577403485775, 0.10939845442771912, 0.07720517367124557, 0.047876279801130295, 0.08025970309972763, 0.070396788418293, 0.055840179324150085, 0.11351093649864197]","[0.017570501193404198, 0.019300563260912895, 0.03710397332906723, 0.013060718774795532, 0.025400174781680107, 0.026793893426656723, 0.018522046506404877, 0.022581908851861954, 0.02358408086001873]","[3.8309619426727295, 2.8371057510375977, 2.948429584503174, 5.911250114440918, 1.8848799467086792, 2.9954476356506348, 3.8007025718688965, 2.4727838039398193, 4.813032150268555]"
48,2021-07-20 05:09:03,T022-045880-IW1,descending,261,17.0092996982423,17.0092996982423,642785.8948538761,5585442.198961841,"[0.05898323282599449, 0.07568169385194778, 0.06742571294307709, 0.06636658310890198, 0.1158711239695549, 0.13700930774211884, 0.06260892748832703, 0.1150592640042305, 0.10486340522766113]","[0.020611954852938652, 0.02206278219819069, 0.019649021327495575, 0.015898190438747406, 0.018386049196124077, 0.014975527301430702, 0.02281787618994713, 0.03350969776511192, 0.009217293933033943]","[2.861603021621704, 3.4302878379821777, 3.431504964828491, 4.174474239349365, 6.302122116088867, 9.148880004882812, 2.743854284286499, 3.4336109161376953, 11.376810073852539]"
49,2021-07-26 05:09:45,T022-045880-IW1,descending,261,17.0092996982423,17.0092996982423,642785.8948538761,5585442.198961841,"[0.09258579462766647, 0.11741854250431061, 0.11382418870925903, 0.15747971832752228, 0.12794078886508942, 0.0920407623052597, 0.11000824719667435, 0.07145589590072632, 0.19303475320339203]","[0.036902718245983124, 0.021677697077393532, 0.04703675955533981, 0.04002310335636139, 0.025589920580387115, 0.02698431722819805, 0.03757776319980621, 0.0435769148170948, 0.029440565034747124]","[2.508915424346924, 5.41655969619751, 2.419898509979248, 3.934720277786255, 4.999655723571777, 3.410898208618164, 2.9274826049804688, 1.6397649049758911, 6.556761264801025]"
50,2021-08-01 05:09:04,T022-045880-IW1,descending,261,17.0092996982423,17.0092996982423,642785.8948538761,5585442.198961841,"[0.10735329985618591, 0.10443942248821259, 0.12580518424510956, 0.11231668293476105, 0.12206266075372696, 0.15088824927806854, 0.07582886517047882, 0.20622576773166656, 0.1131979376077652]","[0.015063745900988579, 0.022549962624907494, 0.010880458168685436, 0.012501570396125317, 0.010586390271782875, 0.016137853264808655, 0.011708180420100689, 0.01642761565744877, 0.013035721145570278]","[7.126600742340088, 4.631467819213867, 11.56248950958252, 8.984206199645996, 11.530149459838867, 9.349957466125488, 6.476571083068848, 12.553603172302246, 8.683672904968262]"
51,2021-08-07 05:09:46,T022-045880-IW1,descending,261,17.0092996982423,17.0092996982423,642785.8948538761,5585442.198961841,"[0.2284102737903595, 0.08437368273735046, 0.1099260002374649, 0.2925218939781189, 0.1731024980545044, 0.15282189846038818, 0.12817111611366272, 0.200066477060318, 0.09584885090589523]","[0.015672361478209496, 0.015667352825403214, 0.009063787758350372, 0.012692269869148731, 0.021056070923805237, 0.016774799674749374, 0.011057981289923191, 0.021498044952750206, 0.010155381634831429]","[14.574081420898438, 5.385318279266357, 12.128042221069336, 23.04724884033203, 8.221025466918945, 9.110206604003906, 11.590824127197266, 9.30626392364502, 9.438232421875]"
52,2021-08-13 05:09:04,T022-045880-IW1,descending,261,17.0092996982423,17.0092996982423,642785.8948538761,5585442.198961841,"[0.04135963320732117, 0.08870989084243774, 0.2242216318845749, 0.06938676536083221, 0.10051053762435913, 0.07963550090789795, 0.10853372514247894, 0.14953313767910004, 0.09898202866315842]","[0.007688703015446663, 0.002927173860371113, 0.006292196922004223, 0.00558000523597002, 0.00990310125052929, 0.007688099518418312, 0.014505787752568722, 0.014834827743470669, 0.015673914924263954]","[5.379272937774658, 30.305644989013672, 35.63487243652344, 12.434892654418945, 10.149399757385254, 10.358282089233398, 7.48209810256958, 10.079870223999023, 6.315080165863037]"
53,2021-08-19 05:09:46,T022-045880-IW1,descending,261,17.0092996982423,17.0092996982423,642785.8948538761,5585442.198961841,"[0.06390051543712616, 0.11504726856946945, 0.12704280018806458, 0.04734424129128456, 0.08985119313001633, 0.08671042323112488, 0.07151082158088684, 0.0735001266002655, 0.12693148851394653]","[0.005810470785945654, 0.009216051548719406, 0.0029481498058885336, 0.00888684019446373, 0.014674056321382523, 0.005859960801899433, 0.013217122294008732, 0.006408545654267073, 0.012154870666563511]","[10.997476577758789, 12.483357429504395, 43.092384338378906, 5.327455043792725, 6.123132705688477, 14.797099113464355, 5.410468101501465, 11.469080924987793, 10.442850112915039]"
54,2021-08-25 05:09:05,T022-045880-IW1,descending,261,17.0092996982423,17.0092996982423,642785.8948538761,5585442.198961841,"[0.2785896360874176, 0.24940656125545502, 0.32773643732070923, 0.39862358570098877, 0.20976711809635162, 0.227281391620636, 0.2878608703613281, 0.2350902259349823, 0.15432307124137878]","[0.05788649246096611, 0.02415291592478752, 0.03295687958598137, 0.07141240686178207, 0.026728304103016853, 0.029383622109889984, 0.034631505608558655, 0.031773027032613754, 0.021923761814832687]","[4.81268835067749, 10.326147079467773, 9.944401741027832, 5.581993579864502, 7.8481268882751465, 7.734968662261963, 8.31210994720459, 7.399050235748291, 7.039078235626221]"
55,2021-08-31 05:09:47,T022-045880-IW1,descending,261,17.0092996982423,17.0092996982423,642785.8948538761,5585442.198961841,"[0.19944307208061218, 0.24632149934768677, 0.3105005621910095, 0.2882184684276581, 0.1393384039402008, 0.22907839715480804, 0.3810960650444031, 0.21419848501682281, 0.19574566185474396]","[0.029586775228381157, 0.009156310930848122, 0.02704792283475399, 0.03411935642361641, 0.02909412607550621, 0.030573464930057526, 0.0577201172709465, 0.033582307398319244, 0.03288111835718155]","[6.74095344543457, 26.901826858520508, 11.479645729064941, 8.447359085083008, 4.7892279624938965, 7.492719650268555, 6.602482318878174, 6.3783135414123535, 5.953132629394531]"
56,2021-09-06 05:09:05,T022-045880-IW1,descending,261,17.0092996982423,17.0092996982423,642785.8948538761,5585442.198961841,"[0.06283602118492126, 0.10850264132022858, 0.08459658920764923, 0.09921605885028839, 0.13875794410705566, 0.0626186802983284, 0.1274876892566681, 0.08116793632507324, 0.12110742181539536]","[0.014113172888755798, 0.01915280520915985, 0.009292163886129856, 0.010573177598416805, 0.007765688467770815, 0.006058291997760534, 0.02170613966882229, 0.013458811677992344, 0.01563756726682186]","[4.452295780181885, 5.665104389190674, 9.10407829284668, 9.383749961853027, 17.868080139160156, 10.336029052734375, 5.87334680557251, 6.030839920043945, 7.744646072387695]"
57,2021-09-12 05:09:48,T022-045880-IW1,descending,261,17.0092996982423,17.0092996982423,642785.8948538761,5585442.198961841,"[0.11813464015722275, 0.060008853673934937, 0.11765176802873611, 0.22262029349803925, 0.06284046918153763, 0.046743690967559814, 0.21819189190864563, 0.041348643600940704, 0.09457258135080338]","[0.02247084118425846, 0.006773342844098806, 0.023906882852315903, 0.008852250874042511, 0.01007465273141861, 0.015559691935777664, 0.009681223891675472, 0.014529691077768803, 0.020191984251141548]","[5.257241725921631, 8.859562873840332, 4.921250820159912, 25.148439407348633, 6.23748254776001, 3.004152774810791, 22.537635803222656, 2.8458032608032227, 4.683669567108154]"
58,2021-09-18 05:09:06,T022-045880-IW1,descending,261,17.0092996982423,17.0092996982423,642785.8948538761,5585442.198961841,"[0.15324631333351135, 0.12172310054302216, 0.10895789414644241, 0.32718074321746826, 0.15836183726787567, 0.1728111207485199, 0.1449287086725235, 0.19897949695587158, 0.18315796554088593]","[0.03379649668931961, 0.03543277457356453, 0.03373464569449425, 0.037586309015750885, 0.03855113685131073, 0.020009348168969154, 0.024259468540549278, 0.03442497178912163, 0.010573199950158596]","[4.534384727478027, 3.4353251457214355, 3.229851484298706, 8.704785346984863, 4.107838153839111, 8.636519432067871, 5.974109172821045, 5.780091762542725, 17.322851181030273]"
59,2021-09-24 05:09:48,T022-045880-IW1,descending,261,17.0092996982423,17.0092996982423,642785.8948538761,5585442.198961841,"[0.13685402274131775, 0.09742884337902069, 0.13697105646133423, 0.1449376344680786, 0.1667277067899704, 0.1620733141899109, 0.14910681545734406, 0.0912778377532959, 0.08892905712127686]","[0.017219118773937225, 0.014829249121248722, 0.024117685854434967, 0.014611255377531052, 0.014742248691618443, 0.02680777944624424, 0.030172208324074745, 0.025144116953015327, 0.017366191372275352]","[7.9477949142456055, 6.570045471191406, 5.679278373718262, 9.919588088989258, 11.309516906738281, 6.045756816864014, 4.941859722137451, 3.6301865577697754, 5.120815277099609]"
60,2021-09-30 05:09:06,T022-045880-IW1,descending,261,17.0092996982423,17.0092996982423,642785.8948538761,5585442.198961841,"[0.09602410346269608, 0.06624917685985565, 0.17794924974441528, 0.08676062524318695, 0.11847060918807983, 0.09026258438825607, 0.09517284482717514, 0.07363114506006241, 0.10660380870103836]","[0.01460814755409956, 0.014889110811054707, 0.01554685179144144, 0.01845337077975273, 0.014531103894114494, 0.03798945993185043, 0.06040826812386513, 0.029771896079182625, 0.02057582698762417]","[6.573325157165527, 4.44950532913208, 11.445999145507812, 4.701613903045654, 8.152897834777832, 2.375990152359009, 1.5754936933517456, 2.4731762409210205, 5.181021690368652]"
61,2021-10-06 05:09:48,T022-045880-IW1,descending,261,17.0092996982423,17.0092996982423,642785.8948538761,5585442.198961841,"[0.102420374751091, 0.036830637603998184, 0.10426334291696548, 0.11320889741182327, 0.11176544427871704, 0.05326477065682411, 0.09033636003732681, 0.11286319047212601, 0.11162533611059189]","[0.028385864570736885, 0.020010877400636673, 0.015116465277969837, 0.024337757378816605, 0.009756915271282196, 0.011718589812517166, 0.01767617091536522, 0.011770748533308506, 0.028620388358831406]","[3.608147144317627, 1.8405308723449707, 6.897336006164551, 4.651574611663818, 11.454998016357422, 4.545322418212891, 5.110629558563232, 9.588446617126465, 3.9002034664154053]"
62,2021-10-12 05:09:06,T022-045880-IW1,descending,261,17.0092996982423,17.0092996982423,642785.8948538761,5585442.198961841,"[0.14781686663627625, 0.11637891829013824, 0.11361028254032135, 0.052710507065057755, 0.08574693650007248, 0.07273762673139572, 0.06579077988862991, 0.05771150812506676, 0.061070941388607025]","[0.014958017505705357, 0.015819450840353966, 0.03262289613485336, 0.01201801560819149, 0.014402197673916817, 0.028779875487089157, 0.014052207581698895, 0.02337994985282421, 0.03131416067481041]","[9.882116317749023, 7.3566975593566895, 3.482532024383545, 4.385957717895508, 5.953739643096924, 2.5273780822753906, 4.681882381439209, 2.468418836593628, 1.9502660036087036]"
63,2021-10-18 05:09:48,T022-045880-IW1,descending,261,17.0092996982423,17.0092996982423,642785.8948538761,5585442.198961841,"[0.14611931145191193, 0.1012391448020935, 0.10364069044589996, 0.07784610986709595, 0.041603896766901016, 0.23600322008132935, 0.11777941882610321, 0.08295765519142151, 0.10096999257802963]","[0.018242353573441505, 0.02491050958633423, 0.03344084322452545, 0.01603381708264351, 0.021526632830500603, 0.02025734819471836, 0.026171628385782242, 0.027311118319630623, 0.01554934773594141]","[8.009893417358398, 4.064113616943359, 3.099224805831909, 4.8551201820373535, 1.9326709508895874, 11.650252342224121, 4.500270843505859, 3.0375049114227295, 6.493519306182861]"
64,2021-10-24 05:09:07,T022-045880-IW1,descending,261,17.0092996982423,17.0092996982423,642785.8948538761,5585442.198961841,"[0.07118424028158188, 0.11244018375873566, 0.15045252442359924, 0.06174911558628082, 0.0983622670173645, 0.0901079997420311, 0.10581904649734497, 0.07865599542856216, 0.10323134809732437]","[0.020909437909722328, 0.013002539984881878, 0.01540920976549387, 0.02831401862204075, 0.00621135113760829, 0.021187255159020424, 0.0199411753565073, 0.026244524866342545, 0.01544512901455164]","[3.404407262802124, 8.647555351257324, 9.763805389404297, 2.1808671951293945, 15.835888862609863, 4.252933979034424, 5.306560039520264, 2.997044086456299, 6.6837477684021]"
65,2021-10-30 05:09:48,T022-045880-IW1,descending,261,17.0092996982423,17.0092996982423,642785.8948538761,5585442.198961841,"[0.08992822468280792, 0.038355752825737, 0.09303301572799683, 0.07125751674175262, 0.07730431109666824, 0.07543192058801651, 0.10558231174945831, 0.07274885475635529, 0.07749577611684799]","[0.018816132098436356, 0.02063514105975628, 0.011304042302072048, 0.00449766730889678, 0.01577766239643097, 0.026838989928364754, 0.0069853998720645905, 0.014744908548891544, 0.014260582625865936]","[4.779314994812012, 1.8587589263916016, 8.230066299438477, 15.843216896057129, 4.899604797363281, 2.810534954071045, 15.114712715148926, 4.933828830718994, 5.434264183044434]"
66,2021-11-05 05:09:06,T022-045880-IW1,descending,261,17.0092996982423,17.0092996982423,642785.8948538761,5585442.198961841,"[0.09202691912651062, 0.05303112044930458, 0.07445455342531204, 0.03806748241186142, 0.054788120090961456, 0.04706328362226486, 0.08103740960359573, 0.06715106219053268, 0.08137140423059464]","[0.03915813937783241, 0.014481501653790474, 0.016432393342256546, 0.012294603511691093, 0.007025565952062607, 0.03448367491364479, 0.012222480028867722, 0.024054240435361862, 0.008655370213091373]","[2.350135087966919, 3.6619904041290283, 4.530961990356445, 3.096275806427002, 7.798392295837402, 1.364798903465271, 6.630193710327148, 2.791651725769043, 9.401262283325195]"
67,2021-11-11 05:09:48,T022-045880-IW1,descending,261,17.0092996982423,17.0092996982423,642785.8948538761,5585442.198961841,"[0.11958781629800797, 0.08523822575807571, 0.07161421328783035, 0.04709894582629204, 0.08706049621105194, 0.0397956557571888, 0.06337736546993256, 0.09158448129892349, 0.05396365374326706]","[0.030785279348492622, 0.024859808385372162, 0.011938908137381077, 0.013405355624854565, 0.019430305808782578, 0.01536591537296772, 0.010232587344944477, 0.039039406925439835, 0.018821122124791145]","[3.884577989578247, 3.4287562370300293, 5.998388767242432, 3.5134425163269043, 4.480655193328857, 2.5898656845092773, 6.193679332733154, 2.345949649810791, 2.8671858310699463]"
68,2021-11-17 05:08:53,T022-045880-IW1,descending,261,17.0092996982423,17.0092996982423,642785.8948538761,5585442.198961841,"[0.08454517275094986, 0.05384153127670288, 0.13035902380943298, 0.09632259607315063, 0.08691897988319397, 0.08588475733995438, 0.05697795748710632, 0.06141035258769989, 0.05390051379799843]","[0.01006601843982935, 0.022339817136526108, 0.008200195617973804, 0.016418106853961945, 0.022043194621801376, 0.010480543598532677, 0.023805983364582062, 0.020879987627267838, 0.009762788191437721]","[8.399067878723145, 2.4101152420043945, 15.897062301635742, 5.866851806640625, 3.9431207180023193, 8.194684982299805, 2.393430233001709, 2.941110610961914, 5.521016597747803]"
69,2021-11-23 05:09:48,T022-045880-IW1,descending,261,17.0092996982423,17.0092996982423,642785.8948538761,5585442.198961841,"[0.13341328501701355, 0.08271577954292297, 0.048819635063409805, 0.05034755542874336, 0.0628657191991806, 0.08054082095623016, 0.046500686556100845, 0.06815744936466217, 0.07479584962129593]","[0.012527690269052982, 0.02288859151303768, 0.008962012827396393, 0.018199846148490906, 0.02150288224220276, 0.01103314757347107, 0.020119577646255493, 0.014097100123763084, 0.013978715986013412]","[10.6494722366333, 3.6138432025909424, 5.447396278381348, 2.7663726806640625, 2.9235949516296387, 7.299895286560059, 2.311215877532959, 4.834856033325195, 5.3506951332092285]"
70,2021-11-29 05:08:53,T022-045880-IW1,descending,261,17.0092996982423,17.0092996982423,642785.8948538761,5585442.198961841,"[0.08569758385419846, 0.09775445610284805, 0.14771625399589539, 0.09963595122098923, 0.1495956927537918, 0.14141236245632172, 0.09923592954874039, 0.15757542848587036, 0.09340476244688034]","[0.0596470981836319, 0.03972480073571205, 0.02827932871878147, 0.030896922573447227, 0.02348337322473526, 0.02542407438158989, 0.07456661015748978, 0.0622626468539238, 0.023942193016409874]","[1.4367434978485107, 2.46079158782959, 5.223471164703369, 3.224785566329956, 6.370281219482422, 5.562143802642822, 1.3308360576629639, 2.530817985534668, 3.901261806488037]"
71,2021-12-05 05:09:47,T022-045880-IW1,descending,261,17.0092996982423,17.0092996982423,642785.8948538761,5585442.198961841,"[0.07542741298675537, 0.11887677758932114, 0.10239461809396744, 0.17051684856414795, 0.09048931300640106, 0.09746088832616806, 0.10718994587659836, 0.1316627860069275, 0.08083551377058029]","[0.045595407485961914, 0.052951764315366745, 0.015151015482842922, 0.06954587996006012, 0.04711911082267761, 0.042260896414518356, 0.02810915745794773, 0.033181920647621155, 0.04336218535900116]","[1.6542764902114868, 2.2450013160705566, 6.758267879486084, 2.4518611431121826, 1.9204375743865967, 2.3061718940734863, 3.8133461475372314, 3.967907428741455, 1.8641936779022217]"
72,2021-12-11 05:08:52,T022-045880-IW1,descending,261,17.0092996982423,17.0092996982423,642785.8948538761,5585442.198961841,"[0.08345191925764084, 0.0626051276922226, 0.07988832145929337, 0.06598242372274399, 0.07498437911272049, 0.10185933858156204, 0.08513564616441727, 0.13007353246212006, 0.07646844536066055]","[0.00628451956436038, 0.013698551803827286, 0.01683279313147068, 0.030653221532702446, 0.016687221825122833, 0.028922954574227333, 0.040003448724746704, 0.026815105229616165, 0.01737932115793228]","[13.278965950012207, 4.570200443267822, 4.745993137359619, 2.1525444984436035, 4.493520736694336, 3.521747350692749, 2.1282076835632324, 4.8507561683654785, 4.399967193603516]"
73,2021-12-17 05:09:47,T022-045880-IW1,descending,261,17.0092996982423,17.0092996982423,642785.8948538761,5585442.198961841,"[0.0891411304473877, 0.26779302954673767, 0.1955757886171341, 0.10348036885261536, 0.17102015018463135, 0.16988497972488403, 0.2302672415971756, 0.09247410297393799, 0.176576167345047]","[0.05564577504992485, 0.015784479677677155, 0.04264402389526367, 0.037747953087091446, 0.04551342874765396, 0.09069851785898209, 0.04855291172862053, 0.04955916479229927, 0.041622329503297806]","[1.6019388437271118, 16.965591430664062, 4.586241245269775, 2.7413504123687744, 3.757575511932373, 1.8730733394622803, 4.7426042556762695, 1.8659334182739258, 4.242342472076416]"
74,2021-12-23 05:08:51,T022-045880-IW1,descending,261,17.0092996982423,17.0092996982423,642785.8948538761,5585442.198961841,"[0.12301729619503021, 0.09676077216863632, 0.034124016761779785, 0.07805079221725464, 0.04841361939907074, 0.07572653144598007, 0.08721264451742172, 0.08911772817373276, 0.03947976604104042]","[0.005524751264601946, 0.01107381097972393, 0.0026786448433995247, 0.011509144678711891, 0.005228180438280106, 0.008156534284353256, 0.012822641991078854, 0.006352536845952272, 0.023692047223448753]","[22.266576766967773, 8.737802505493164, 12.739283561706543, 6.781632900238037, 9.260128021240234, 9.284154891967773, 6.801456928253174, 14.02868366241455, 1.6663720607757568]"
75,2021-12-29 05:09:46,T022-045880-IW1,descending,261,17.0092996982423,17.0092996982423,642785.8948538761,5585442.198961841,"[0.13089092075824738, 0.10947030782699585, 0.12766556441783905, 0.0716320052742958, 0.11382472515106201, 0.15214990079402924, 0.12996721267700195, 0.09153331816196442, 0.13521850109100342]","[0.037653788924217224, 0.033512745052576065, 0.04087183624505997, 0.028882024809718132, 0.024996943771839142, 0.031793419271707535, 0.03211100026965141, 0.04170994833111763, 0.022986089810729027]","[3.476168632507324, 3.2665276527404785, 3.123558282852173, 2.480158805847168, 4.5535454750061035, 4.78557825088501, 4.047435760498047, 2.1945199966430664, 5.882623195648193]"
76,2022-01-10 05:09:46,T022-045880-IW1,descending,261,17.0092996982423,17.0092996982423,642785.8948538761,5585442.198961841,"[0.10569429397583008, 0.1002182587981224, 0.08419425785541534, 0.08839777857065201, 0.05424545705318451, 0.11782823503017426, 0.11317435652017593, 0.13299085199832916, 0.13735337555408478]","[0.012883513234555721, 0.027430474758148193, 0.02506883442401886, 0.009194585494697094, 0.01735210418701172, 0.02431061491370201, 0.021751128137111664, 0.02825748547911644, 0.02412215992808342]","[8.203841209411621, 3.6535372734069824, 3.35852313041687, 9.614112854003906, 3.126160144805908, 4.846781253814697, 5.20314884185791, 4.706393718719482, 5.694074630737305]"
77,2022-01-22 05:09:45,T022-045880-IW1,descending,261,17.0092996982423,17.0092996982423,642785.8948538761,5585442.198961841,"[0.042740724980831146, 0.052155863493680954, 0.041943807154893875, 0.05692289397120476, 0.048147305846214294, 0.05348576605319977, 0.06956207007169724, 0.06039021164178848, 0.058009497821331024]","[0.004469916690140963, 0.017589021474123, 0.007866626605391502, 0.0187819991260767, 0.011094474233686924, 0.006368002854287624, 0.014346176758408546, 0.012764778919517994, 0.0063303010538220406]","[9.561861991882324, 2.9652509689331055, 5.331867218017578, 3.0307154655456543, 4.339755535125732, 8.39914321899414, 4.848823070526123, 4.731003284454346, 9.163782119750977]"
78,2022-02-03 05:09:44,T022-045880-IW1,descending,261,17.0092996982423,17.0092996982423,642785.8948538761,5585442.198961841,"[0.15366682410240173, 0.09429401159286499, 0.09134779870510101, 0.1370532363653183, 0.06272799521684647, 0.09031423926353455, 0.1877664029598236, 0.09429480880498886, 0.09075033664703369]","[0.021277619525790215, 0.018351193517446518, 0.020398305729031563, 0.027118399739265442, 0.02044864557683468, 0.01972782611846924, 0.008737308904528618, 0.015093742869794369, 0.0253218375146389]","[7.221993446350098, 5.138304233551025, 4.47820520401001, 5.0538835525512695, 3.067586898803711, 4.578012943267822, 21.49018669128418, 6.247278213500977, 3.583876371383667]"
79,2022-02-15 05:09:44,T022-045880-IW1,descending,261,17.0092996982423,17.0092996982423,642785.8948538761,5585442.198961841,"[0.2149077206850052, 0.13044029474258423, 0.12224293500185013, 0.20991408824920654, 0.10546325892210007, 0.1175290122628212, 0.15267504751682281, 0.0987069234251976, 0.1703709363937378]","[0.014912618324160576, 0.01948162540793419, 0.023850707337260246, 0.014660676009953022, 0.009427067823708057, 0.011131662875413895, 0.02006414905190468, 0.015065050683915615, 0.01183677464723587]","[14.4111328125, 6.695555210113525, 5.125338077545166, 14.318172454833984, 11.187281608581543, 10.558082580566406, 7.60934591293335, 6.552047252655029, 14.39335823059082]"
80,2022-02-27 05:09:44,T022-045880-IW1,descending,261,17.0092996982423,17.0092996982423,642785.8948538761,5585442.198961841,"[0.07875347137451172, 0.10628581047058105, 0.0954996719956398, 0.15661925077438354, 0.12373682111501694, 0.1839383840560913, 0.2513309717178345, 0.1057315319776535, 0.11503741145133972]","[0.014762288890779018, 0.019561441615223885, 0.023553580045700073, 0.026904232800006866, 0.014844944700598717, 0.012913965620100498, 0.013210311532020569, 0.014277448877692223, 0.027449699118733406]","[5.334773540496826, 5.43343448638916, 4.054571628570557, 5.821361064910889, 8.335283279418945, 14.243369102478027, 19.025362014770508, 7.405491828918457, 4.1908440589904785]"
81,2022-03-11 05:09:44,T022-045880-IW1,descending,261,17.0092996982423,17.0092996982423,642785.8948538761,5585442.198961841,"[0.06086976081132889, 0.03086368553340435, 0.03370259702205658, 0.06957335025072098, 0.06748288869857788, 0.0960507020354271, 0.056193336844444275, 0.04864724352955818, 0.07995325326919556]","[0.008770587854087353, 0.0068402779288589954, 0.0021817958913743496, 0.005251350346952677, 0.008652789518237114, 0.009328561834990978, 0.005478469654917717, 0.011535786092281342, 0.014477908611297607]","[6.94021463394165, 4.512051582336426, 15.447181701660156, 13.248659133911133, 7.798974990844727, 10.29641056060791, 10.257122993469238, 4.217072486877441, 5.522430896759033]"
82,2022-03-23 05:09:45,T022-045880-IW1,descending,261,17.0092996982423,17.0092996982423,642785.8948538761,5585442.198961841,"[0.047610294073820114, 0.057544585317373276, 0.04246725142002106, 0.054194364696741104, 0.08267997205257416, 0.08501505851745605, 0.04205739498138428, 0.05618469417095184, 0.08795862644910812]","[0.005838645622134209, 0.011385281570255756, 0.0019086891552433372, 0.007108958438038826, 0.007308433763682842, 0.00836179219186306, 0.008291170932352543, 0.008765195496380329, 0.00873018242418766]","[8.154338836669922, 5.054296016693115, 22.249433517456055, 7.623390197753906, 11.31295394897461, 10.167085647583008, 5.072551727294922, 6.409976005554199, 10.075233459472656]"
83,2022-04-04 05:09:45,T022-045880-IW1,descending,261,17.0092996982423,17.0092996982423,642785.8948538761,5585442.198961841,"[0.0747937560081482, 0.062095388770103455, 0.16390837728977203, 0.04117746651172638, 0.11447297036647797, 0.16886642575263977, 0.10702960938215256, 0.14072583615779877, 0.1109086275100708]","[0.006529586389660835, 0.007183646783232689, 0.014599047601222992, 0.009547068737447262, 0.007510902360081673, 0.012898139655590057, 0.009420393966138363, 0.0074118562042713165, 0.005919186864048243]","[11.454593658447266, 8.64399242401123, 11.227334022521973, 4.313100337982178, 15.240907669067383, 13.09230899810791, 11.361478805541992, 18.98658561706543, 18.737138748168945]"
84,2022-04-16 05:09:45,T022-045880-IW1,descending,261,17.0092996982423,17.0092996982423,642785.8948538761,5585442.198961841,"[0.3258284032344818, 0.39692842960357666, 0.2503422796726227, 0.24428321421146393, 0.3955143988132477, 0.2039685696363449, 0.25019362568855286, 0.3888247311115265, 0.16975213587284088]","[0.06408590078353882, 0.033689048141241074, 0.027052922174334526, 0.06299187988042831, 0.049568720161914825, 0.042314838618040085, 0.05112653225660324, 0.06925183534622192, 0.014296350069344044]","[5.084244728088379, 11.782120704650879, 9.253798484802246, 3.8780112266540527, 7.97911262512207, 4.820261001586914, 4.893616199493408, 5.614648818969727, 11.873809814453125]"
85,2022-04-28 05:09:46,T022-045880-IW1,descending,261,17.0092996982423,17.0092996982423,642785.8948538761,5585442.198961841,"[0.09798330068588257, 0.17631365358829498, 0.1284361332654953, 0.12149372696876526, 0.14994850754737854, 0.11782495677471161, 0.06382209807634354, 0.1340062916278839, 0.14223577082157135]","[0.01718693971633911, 0.018841449171304703, 0.007691653445363045, 0.013997655361890793, 0.011822469532489777, 0.005511813331395388, 0.013567193411290646, 0.007170495577156544, 0.012171068228781223]","[5.701032638549805, 9.357754707336426, 16.698118209838867, 8.679576873779297, 12.683348655700684, 21.37680435180664, 4.704148769378662, 18.688568115234375, 11.686383247375488]"
86,2022-05-10 05:09:46,T022-045880-IW1,descending,261,17.0092996982423,17.0092996982423,642785.8948538761,5585442.198961841,"[0.20646288990974426, 0.17529623210430145, 0.04187102988362312, 0.16844339668750763, 0.20392093062400818, 0.144227534532547, 0.17242616415023804, 0.2429593801498413, 0.15319286286830902]","[0.004755280911922455, 0.006239284761250019, 0.004817135166376829, 0.009220417588949203, 0.003971816506236792, 0.0052459766156971455, 0.003621628973633051, 0.00331744528375566, 0.003979108761996031]","[43.4176025390625, 28.095565795898438, 8.69210147857666, 18.268522262573242, 51.34197998046875, 27.49298095703125, 47.610111236572266, 73.23689270019531, 38.499290466308594]"
87,2022-05-22 05:09:47,T022-045880-IW1,descending,261,17.0092996982423,17.0092996982423,642785.8948538761,5585442.198961841,"[0.09043899923563004, 0.1044403612613678, 0.057502344250679016, 0.13291782140731812, 0.08602329343557358, 0.08030707389116287, 0.07707861065864563, 0.10305708646774292, 0.09722074866294861]","[0.008342701941728592, 0.010937592014670372, 0.003259589895606041, 0.00953143835067749, 0.0015414566732943058, 0.003969638142734766, 0.003733387915417552, 0.0042595649138092995, 0.010332006961107254]","[10.840492248535156, 9.548752784729004, 17.640975952148438, 13.94520092010498, 55.806495666503906, 20.23032569885254, 20.645753860473633, 24.19427490234375, 9.409667015075684]"
88,2022-06-03 05:09:48,T022-045880-IW1,descending,261,17.0092996982423,17.0092996982423,642785.8948538761,5585442.198961841,"[0.17774008214473724, 0.140966534614563, 0.10950933396816254, 0.16906793415546417, 0.21513396501541138, 0.1308824121952057, 0.20944005250930786, 0.20160366594791412, 0.15997612476348877]","[0.007157815620303154, 0.011815236881375313, 0.012146959081292152, 0.011210083961486816, 0.007158319000154734, 0.006531250663101673, 0.008254908956587315, 0.006227225065231323, 0.013359065167605877]","[24.83160972595215, 11.930910110473633, 9.01537036895752, 15.081772804260254, 30.053699493408203, 20.039409637451172, 25.3715763092041, 32.37455749511719, 11.975098609924316]"
89,2022-06-15 05:09:49,T022-045880-IW1,descending,261,17.0092996982423,17.0092996982423,642785.8948538761,5585442.198961841,"[0.17865701019763947, 0.1581200510263443, 0.2878442406654358, 0.20898310840129852, 0.28999364376068115, 0.22430531680583954, 0.30690282583236694, 0.304340660572052, 0.2074284702539444]","[0.017934130504727364, 0.017327653244137764, 0.021378330886363983, 0.01279290858656168, 0.037764254957437515, 0.02976766601204872, 0.009166406467556953, 0.0206937063485384, 0.019922476261854172]","[9.961844444274902, 9.125301361083984, 13.464299201965332, 16.33585548400879, 7.679050922393799, 7.535200119018555, 33.481258392333984, 14.706918716430664, 10.411781311035156]"
90,2022-06-27 05:09:50,T022-045880-IW1,descending,261,17.0092996982423,17.0092996982423,642785.8948538761,5585442.198961841,"[0.13963860273361206, 0.17850275337696075, 0.06541356444358826, 0.07948872447013855, 0.1586235612630844, 0.06781060993671417, 0.07697517424821854, 0.10356488823890686, 0.08879424631595612]","[0.05227629467844963, 0.030661776661872864, 0.013984491117298603, 0.02775079570710659, 0.031397003680467606, 0.019371895119547844, 0.0391935333609581, 0.030212605372071266, 0.034689467400312424]","[2.6711649894714355, 5.821670055389404, 4.677579402923584, 2.8643763065338135, 5.052187919616699, 3.5004634857177734, 1.9639763832092285, 3.427870035171509, 2.5596890449523926]"
91,2022-07-09 05:09:50,T022-045880-IW1,descending,261,17.0092996982423,17.0092996982423,642785.8948538761,5585442.198961841,"[0.12461518496274948, 0.11846919357776642, 0.12502756714820862, 0.1246110200881958, 0.08849477767944336, 0.13236352801322937, 0.12253574281930923, 0.09651962667703629, 0.08486561477184296]","[0.0178852342069149, 0.03502170741558075, 0.027301955968141556, 0.024669183418154716, 0.023827485740184784, 0.016342543065547943, 0.029316186904907227, 0.012408650480210781, 0.03562760353088379]","[6.967489719390869, 3.3827362060546875, 4.579436302185059, 5.05128288269043, 3.7139787673950195, 8.099322319030762, 4.179798126220703, 7.778414726257324, 2.382018566131592]"
92,2022-07-21 05:09:51,T022-045880-IW1,descending,261,17.0092996982423,17.0092996982423,642785.8948538761,5585442.198961841,"[0.06009330227971077, 0.05795793980360031, 0.09706582129001617, 0.079503133893013, 0.08234500139951706, 0.03706970810890198, 0.10101424902677536, 0.055897004902362823, 0.050323087722063065]","[0.009499932639300823, 0.006284596864134073, 0.009622198529541492, 0.0142900999635458, 0.01205094251781702, 0.010288531892001629, 0.015701787546277046, 0.01078427117317915, 0.015466989018023014]","[6.325655460357666, 9.222220420837402, 10.08769702911377, 5.563511371612549, 6.833075523376465, 3.6030123233795166, 6.433296203613281, 5.183197498321533, 3.253580093383789]"
93,2022-08-02 05:09:52,T022-045880-IW1,descending,261,17.0092996982423,17.0092996982423,642785.8948538761,5585442.198961841,"[0.13957442343235016, 0.075894795358181, 0.11693722009658813, 0.159145325422287, 0.07597231864929199, 0.08419948071241379, 0.16176500916481018, 0.13718748092651367, 0.16717089712619781]","[0.016578789800405502, 0.04736613482236862, 0.058371905237436295, 0.030786821618676186, 0.05589969828724861, 0.03870897367596626, 0.038363248109817505, 0.02579767256975174, 0.04662398621439934]","[8.418854713439941, 1.602300763130188, 2.0033133029937744, 5.169267654418945, 1.359082818031311, 2.1751928329467773, 4.216666221618652, 5.317823886871338, 3.585512638092041]"
94,2022-08-14 05:09:53,T022-045880-IW1,descending,261,17.0092996982423,17.0092996982423,642785.8948538761,5585442.198961841,"[0.1596638411283493, 0.13421489298343658, 0.1107996329665184, 0.11072886735200882, 0.07752928882837296, 0.1550876796245575, 0.0878099724650383, 0.10341227054595947, 0.06675655394792557]","[0.04533718153834343, 0.044117871671915054, 0.06043492257595062, 0.030743911862373352, 0.04204704985022545, 0.053570427000522614, 0.07299972325563431, 0.03499358892440796, 0.040984224528074265]","[3.521697521209717, 3.0421886444091797, 1.8333709239959717, 3.601651906967163, 1.843869924545288, 2.895024061203003, 1.202880859375, 2.9551775455474854, 1.6288353204727173]"
95,2022-08-26 05:09:53,T022-045880-IW1,descending,261,17.0092996982423,17.0092996982423,642785.8948538761,5585442.198961841,"[0.12620648741722107, 0.1726805716753006, 0.20863842964172363, 0.3261990249156952, 0.20142784714698792, 0.16130580008029938, 0.29262638092041016, 0.16196087002754211, 0.09384293109178543]","[0.02869652770459652, 0.02574058249592781, 0.019370688125491142, 0.03349320590496063, 0.0193293746560812, 0.020786581560969353, 0.04812326282262802, 0.0394810326397419, 0.042784132063388824]","[4.397970676422119, 6.708495140075684, 10.770832061767578, 9.739259719848633, 10.420815467834473, 7.760092735290527, 6.080767631530762, 4.102244853973389, 2.1934051513671875]"
96,2022-09-07 05:09:54,T022-045880-IW1,descending,261,17.0092996982423,17.0092996982423,642785.8948538761,5585442.198961841,"[0.06242978945374489, 0.08051898330450058, 0.12200718373060226, 0.05663607269525528, 0.0964021310210228, 0.07862746715545654, 0.05509497970342636, 0.17086835205554962, 0.09536556154489517]","[0.02141861990094185, 0.010013052262365818, 0.023157740011811256, 0.02116125077009201, 0.024060500785708427, 0.02114797942340374, 0.013434574007987976, 0.03121154196560383, 0.01465652883052826]","[2.9147439002990723, 8.041402816772461, 5.268527030944824, 2.6764047145843506, 4.006655216217041, 3.717965841293335, 4.100984573364258, 5.47452449798584, 6.506694793701172]"
97,2022-09-19 05:09:53,T022-045880-IW1,descending,261,17.0092996982423,17.0092996982423,642785.8948538761,5585442.198961841,"[0.12801112234592438, 0.17171098291873932, 0.12639467418193817, 0.13013684749603271, 0.10940960794687271, 0.132771834731102, 0.13879674673080444, 0.10498978197574615, 0.042444780468940735]","[0.011504788883030415, 0.011259115301072598, 0.021771002560853958, 0.025076190009713173, 0.01835818588733673, 0.023383570834994316, 0.02390841767191887, 0.021828602999448776, 0.01214665174484253]","[11.126768112182617, 15.25084114074707, 5.805643081665039, 5.189657688140869, 5.959717750549316, 5.677996635437012, 5.8053507804870605, 4.809734344482422, 3.4943604469299316]"
98,2022-10-01 05:09:54,T022-045880-IW1,descending,261,17.0092996982423,17.0092996982423,642785.8948538761,5585442.198961841,"[0.16626125574111938, 0.0725586861371994, 0.15371735394001007, 0.07422863692045212, 0.09488794952630997, 0.14675387740135193, 0.06311433762311935, 0.0700051337480545, 0.14512674510478973]","[0.03188265487551689, 0.03371540457010269, 0.015828723087906837, 0.03128281235694885, 0.015547567047178745, 0.03317800909280777, 0.029858442023396492, 0.029790731146931648, 0.054889608174562454]","[5.214787006378174, 2.152092933654785, 9.711292266845703, 2.3728249073028564, 6.103073596954346, 4.423227310180664, 2.1137852668762207, 2.3498964309692383, 2.643974781036377]"
99,2022-10-13 05:09:54,T022-045880-IW1,descending,261,17.0092996982423,17.0092996982423,642785.8948538761,5585442.198961841,"[0.050302617251873016, 0.07946538925170898, 0.1469251662492752, 0.11577840894460678, 0.1425924003124237, 0.10719809681177139, 0.08639770746231079, 0.08585134893655777, 0.10197415202856064]","[0.03733568638563156, 0.0167741347104311, 0.01580675132572651, 0.024658117443323135, 0.02613065019249916, 0.025074321776628494, 0.023508161306381226, 0.015151498839259148, 0.02964664436876774]","[1.3473066091537476, 4.7373762130737305, 9.295089721679688, 4.695346832275391, 5.456902027130127, 4.275214195251465, 3.6752219200134277, 5.666194915771484, 3.439652442932129]"
100,2022-10-25 05:09:54,T022-045880-IW1,descending,261,17.0092996982423,17.0092996982423,642785.8948538761,5585442.198961841,"[0.18068289756774902, 0.1529216170310974, 0.07295826077461243, 0.13042593002319336, 0.09645681828260422, 0.15032489597797394, 0.09842408448457718, 0.09814228117465973, 0.10514384508132935]","[0.027465345337986946, 0.03206176683306694, 0.020461559295654297, 0.028592802584171295, 0.02563442848622799, 0.024487793445587158, 0.02540564350783825, 0.019649246707558632, 0.03147132322192192]","[6.578577518463135, 4.769594192504883, 3.5656256675720215, 4.561495304107666, 3.762784004211426, 6.138768672943115, 3.87410306930542, 4.994709491729736, 3.3409414291381836]"
101,2022-11-06 05:09:54,T022-045880-IW1,descending,261,17.0092996982423,17.0092996982423,642785.8948538761,5585442.198961841,"[0.06332454830408096, 0.11407418549060822, 0.07007041573524475, 0.06632295250892639, 0.13583919405937195, 0.15505781769752502, 0.1272193044424057, 0.1302657425403595, 0.12784487009048462]","[0.024957381188869476, 0.04016099497675896, 0.02591443806886673, 0.029900800436735153, 0.038009028881788254, 0.032358862459659576, 0.025331711396574974, 0.01601295731961727, 0.028845172375440598]","[2.5373075008392334, 2.8404223918914795, 2.703914165496826, 2.218099594116211, 3.573866367340088, 4.791819095611572, 5.022136211395264, 8.135021209716797, 4.4321064949035645]"
102,2022-11-18 05:09:54,T022-045880-IW1,descending,261,17.0092996982423,17.0092996982423,642785.8948538761,5585442.198961841,"[0.36322712898254395, 0.23728030920028687, 0.2744780480861664, 0.2563023865222931, 0.13050910830497742, 0.0919606015086174, 0.16986338794231415, 0.2150087207555771, 0.1485891044139862]","[0.026931755244731903, 0.023303471505641937, 0.034432657063007355, 0.04826929792761803, 0.030172698199748993, 0.02309356816112995, 0.04124852642416954, 0.02724502794444561, 0.037821896374225616]","[13.486946105957031, 10.1821870803833, 7.971445560455322, 5.309843063354492, 4.325404167175293, 3.9820871353149414, 4.11804723739624, 7.891668319702148, 3.9286530017852783]"
103,2022-11-30 05:09:53,T022-045880-IW1,descending,261,17.0092996982423,17.0092996982423,642785.8948538761,5585442.198961841,"[0.07291511446237564, 0.13083764910697937, 0.19400916993618011, 0.06559086591005325, 0.07187353074550629, 0.07998253405094147, 0.12514658272266388, 0.23848187923431396, 0.18580840528011322]","[0.01348030287772417, 0.01125277765095234, 0.023163367062807083, 0.007545575965195894, 0.02030833438038826, 0.017842257395386696, 0.02220028266310692, 0.012242558412253857, 0.011286856606602669]","[5.409011363983154, 11.627142906188965, 8.375689506530762, 8.692625045776367, 3.5391149520874023, 4.482758522033691, 5.637161731719971, 19.4797420501709, 16.462369918823242]"
